Customer,Phone Plan,Gender
1,$29 ,Male
2,$29 ,Male
3,$29 ,Male
4,$29 ,Male
5,$29 ,Male
6,$29 ,Male
7,$29 ,Male
8,$29 ,Male
9,$29 ,Male
10,$29 ,Male
11,$29 ,Female
12,$29 ,Female
13,$29 ,Female
14,$29 ,Female
15,$29 ,Female
16,$29 ,Female
17,$29 ,Female
18,$29 ,Female
19,$29 ,Female
20,$29 ,Female
21,$29 ,Female
22,$29 ,Female
23,$29 ,Female
24,$29 ,Female
25,$29 ,Female
26,$29 ,Female
27,$29 ,Female
28,$29 ,Female
29,$29 ,Female
30,$29 ,Female
31,$29 ,Female
32,$29 ,Female
33,$29 ,Female
34,$29 ,Female
35,$29 ,Female
36,$29 ,Female
37,$29 ,Female
38,$29 ,Female
39,$29 ,Female
40,$29 ,Female
41,$29 ,Female
42,$29 ,Female
43,$29 ,Female
44,$29 ,Female
45,$29 ,Female
46,$29 ,Female
47,$29 ,Female
48,$29 ,Female
49,$29 ,Female
50,$29 ,Female
51,$49 ,Male
52,$49 ,Male
53,$49 ,Male
54,$49 ,Male
55,$49 ,Male
56,$49 ,Male
57,$49 ,Male
58,$49 ,Male
59,$49 ,Male
60,$49 ,Male
61,$49 ,Male
62,$49 ,Male
63,$49 ,Male
64,$49 ,Male
65,$49 ,Male
66,$49 ,Male
67,$49 ,Male
68,$49 ,Male
69,$49 ,Male
70,$49 ,Male
71,$49 ,Male
72,$49 ,Male
73,$49 ,Male
74,$49 ,Male
75,$49 ,Male
76,$49 ,Male
77,$49 ,Male
78,$49 ,Male
79,$49 ,Male
80,$49 ,Male
81,$49 ,Male
82,$49 ,Male
83,$49 ,Male
84,$49 ,Male
85,$49 ,Male
86,$49 ,Male
87,$49 ,Male
88,$49 ,Male
89,$49 ,Male
90,$49 ,Male
91,$49 ,Male
92,$49 ,Male
93,$49 ,Male
94,$49 ,Male
95,$49 ,Male
96,$49 ,Male
97,$49 ,Male
98,$49 ,Male
99,$49 ,Male
100,$49 ,Male
101,$49 ,Male
102,$49 ,Male
103,$49 ,Male
104,$49 ,Male
105,$49 ,Male
106,$49 ,Male
107,$49 ,Male
108,$49 ,Male
109,$49 ,Male
110,$49 ,Male
111,$49 ,Male
112,$49 ,Male
113,$49 ,Male
114,$49 ,Male
115,$49 ,Male
116,$49 ,Male
117,$49 ,Male
118,$49 ,Male
119,$49 ,Male
120,$49 ,Male
121,$49 ,Male
122,$49 ,Male
123,$49 ,Male
124,$49 ,Male
125,$49 ,Male
126,$49 ,Male
127,$49 ,Male
128,$49 ,Male
129,$49 ,Male
130,$49 ,Male
131,$49 ,Male
132,$49 ,Male
133,$49 ,Male
134,$49 ,Male
135,$49 ,Male
136,$49 ,Male
137,$49 ,Male
138,$49 ,Male
139,$49 ,Male
140,$49 ,Male
141,$49 ,Male
142,$49 ,Male
143,$49 ,Male
144,$49 ,Male
145,$49 ,Male
146,$49 ,Male
147,$49 ,Male
148,$49 ,Male
149,$49 ,Male
150,$49 ,Male
151,$49 ,Male
152,$49 ,Male
153,$49 ,Male
154,$49 ,Male
155,$49 ,Male
156,$49 ,Male
157,$49 ,Male
158,$49 ,Male
159,$49 ,Male
160,$49 ,Male
161,$49 ,Male
162,$49 ,Male
163,$49 ,Male
164,$49 ,Male
165,$49 ,Male
166,$49 ,Male
167,$49 ,Male
168,$49 ,Male
169,$49 ,Male
170,$49 ,Male
171,$79 ,Male
172,$79 ,Male
173,$79 ,Male
174,$79 ,Male
175,$79 ,Male
176,$79 ,Male
177,$79 ,Male
178,$79 ,Male
179,$79 ,Male
180,$79 ,Male
181,$79 ,Male
182,$79 ,Male
183,$79 ,Male
184,$79 ,Male
185,$79 ,Male
186,$79 ,Male
187,$79 ,Male
188,$79 ,Male
189,$79 ,Male
190,$79 ,Male
191,$79 ,Male
192,$79 ,Male
193,$79 ,Male
194,$79 ,Male
195,$79 ,Male
196,$79 ,Male
197,$79 ,Male
198,$79 ,Male
199,$79 ,Male
200,$79 ,Male
201,$79 ,Male
202,$79 ,Male
203,$79 ,Male
204,$79 ,Male
205,$79 ,Male
206,$79 ,Male
207,$79 ,Male
208,$79 ,Male
209,$79 ,Male
210,$79 ,Male
211,$79 ,Male
212,$79 ,Male
213,$79 ,Male
214,$79 ,Male
215,$79 ,Male
216,$79 ,Male
217,$79 ,Male
218,$79 ,Male
219,$79 ,Male
220,$79 ,Male
221,$79 ,Male
222,$79 ,Male
223,$79 ,Male
224,$79 ,Male
225,$79 ,Male
226,$79 ,Male
227,$79 ,Male
228,$79 ,Male
229,$79 ,Male
230,$79 ,Male
231,$79 ,Male
232,$79 ,Male
233,$79 ,Male
234,$79 ,Male
235,$79 ,Male
236,$79 ,Male
237,$79 ,Male
238,$79 ,Male
239,$79 ,Male
240,$79 ,Male
241,$79 ,Male
242,$79 ,Male
243,$79 ,Male
244,$79 ,Male
245,$79 ,Male
246,$79 ,Male
247,$79 ,Male
248,$79 ,Male
249,$79 ,Male
250,$79 ,Male
251,$79 ,Male
252,$79 ,Male
253,$79 ,Male
254,$79 ,Male
255,$79 ,Male
256,$79 ,Male
257,$79 ,Male
258,$79 ,Male
259,$79 ,Male
260,$79 ,Male
261,$79 ,Male
262,$79 ,Male
263,$79 ,Male
264,$79 ,Male
265,$79 ,Male
266,$79 ,Male
267,$79 ,Male
268,$79 ,Male
269,$79 ,Male
270,$79 ,Male
271,$79 ,Male
272,$79 ,Male
273,$79 ,Male
274,$79 ,Male
275,$79 ,Male
276,$79 ,Male
277,$79 ,Male
278,$79 ,Male
279,$79 ,Male
280,$79 ,Male
281,$79 ,Male
282,$79 ,Male
283,$79 ,Male
284,$79 ,Male
285,$79 ,Male
286,$79 ,Male
287,$79 ,Male
288,$79 ,Male
289,$79 ,Male
290,$79 ,Male
291,$79 ,Male
292,$79 ,Male
293,$79 ,Male
294,$79 ,Male
295,$79 ,Male
296,$79 ,Male
297,$79 ,Male
298,$79 ,Male
299,$79 ,Male
300,$79 ,Male
301,$79 ,Male
302,$79 ,Male
303,$79 ,Male
304,$79 ,Male
305,$79 ,Male
306,$79 ,Male
307,$79 ,Male
308,$79 ,Male
309,$79 ,Male
310,$79 ,Male
311,$79 ,Male
312,$79 ,Male
313,$79 ,Male
314,$79 ,Male
315,$79 ,Male
316,$79 ,Male
317,$79 ,Male
318,$79 ,Male
319,$79 ,Male
320,$79 ,Male
321,$79 ,Male
322,$79 ,Male
323,$79 ,Male
324,$79 ,Male
325,$79 ,Male
326,$79 ,Male
327,$79 ,Male
328,$79 ,Male
329,$79 ,Male
330,$79 ,Male
331,$79 ,Male
332,$79 ,Male
333,$79 ,Male
334,$79 ,Male
335,$79 ,Male
336,$79 ,Male
337,$79 ,Male
338,$79 ,Male
339,$79 ,Male
340,$79 ,Male
341,$79 ,Male
342,$79 ,Male
343,$79 ,Male
344,$79 ,Male
345,$79 ,Male
346,$79 ,Male
347,$79 ,Male
348,$79 ,Male
349,$79 ,Male
350,$79 ,Male
351,$79 ,Male
352,$79 ,Male
353,$79 ,Male
354,$79 ,Male
355,$79 ,Male
356,$79 ,Male
357,$79 ,Male
358,$79 ,Male
359,$79 ,Male
360,$79 ,Male
361,$79 ,Male
362,$79 ,Male
363,$79 ,Male
364,$79 ,Male
365,$79 ,Male
366,$79 ,Male
367,$79 ,Male
368,$79 ,Male
369,$79 ,Male
370,$79 ,Male
371,$79 ,Male
372,$79 ,Male
373,$79 ,Male
374,$79 ,Male
375,$79 ,Male
376,$79 ,Male
377,$79 ,Male
378,$79 ,Male
379,$79 ,Male
380,$79 ,Male
381,$79 ,Male
382,$79 ,Male
383,$79 ,Male
384,$79 ,Male
385,$79 ,Male
386,$79 ,Male
387,$79 ,Male
388,$79 ,Male
389,$79 ,Male
390,$79 ,Male
391,$79 ,Male
392,$79 ,Male
393,$79 ,Male
394,$79 ,Male
395,$79 ,Male
396,$79 ,Male
397,$79 ,Male
398,$79 ,Male
399,$79 ,Male
400,$79 ,Male
401,$79 ,Male
402,$79 ,Male
403,$79 ,Male
404,$79 ,Male
405,$79 ,Male
406,$79 ,Male
407,$79 ,Male
408,$79 ,Male
409,$79 ,Male
410,$79 ,Male
411,$79 ,Male
412,$79 ,Male
413,$79 ,Male
414,$79 ,Male
415,$79 ,Male
416,$79 ,Male
417,$79 ,Male
418,$79 ,Male
419,$79 ,Male
420,$79 ,Male
421,$49 ,Female
422,$49 ,Female
423,$49 ,Female
424,$49 ,Female
425,$49 ,Female
426,$49 ,Female
427,$49 ,Female
428,$49 ,Female
429,$49 ,Female
430,$49 ,Female
431,$49 ,Female
432,$49 ,Female
433,$49 ,Female
434,$49 ,Female
435,$49 ,Female
436,$49 ,Female
437,$49 ,Female
438,$49 ,Female
439,$49 ,Female
440,$49 ,Female
441,$49 ,Female
442,$49 ,Female
443,$49 ,Female
444,$49 ,Female
445,$49 ,Female
446,$49 ,Female
447,$49 ,Female
448,$49 ,Female
449,$49 ,Female
450,$49 ,Female
451,$79 ,Female
452,$79 ,Female
453,$79 ,Female
454,$79 ,Female
455,$79 ,Female
456,$79 ,Female
457,$79 ,Female
458,$79 ,Female
459,$79 ,Female
460,$79 ,Female
461,$79 ,Female
462,$79 ,Female
463,$79 ,Female
464,$79 ,Female
465,$79 ,Female
466,$79 ,Female
467,$79 ,Female
468,$79 ,Female
469,$79 ,Female
470,$79 ,Female
471,$79 ,Female
472,$79 ,Female
473,$79 ,Female
474,$79 ,Female
475,$79 ,Female
476,$79 ,Female
477,$79 ,Female
478,$79 ,Female
479,$79 ,Female
480,$79 ,Female
481,$79 ,Female
482,$79 ,Female
483,$79 ,Female
484,$79 ,Female
485,$79 ,Female
486,$79 ,Female
487,$79 ,Female
488,$79 ,Female
489,$79 ,Female
490,$79 ,Female
491,$79 ,Female
492,$79 ,Female
493,$79 ,Female
494,$79 ,Female
495,$79 ,Female
496,$79 ,Female
497,$79 ,Female
498,$79 ,Female
499,$79 ,Female
500,$79 ,Female
501,$79 ,Female
502,$79 ,Female
503,$79 ,Female
504,$79 ,Female
505,$79 ,Female
506,$79 ,Female
507,$79 ,Female
508,$79 ,Female
509,$79 ,Female
510,$79 ,Female
511,$79 ,Female
512,$79 ,Female
513,$79 ,Female
514,$79 ,Female
515,$79 ,Female
516,$79 ,Female
517,$79 ,Female
518,$79 ,Female
519,$79 ,Female
520,$79 ,Female
521,$79 ,Female
522,$79 ,Female
523,$79 ,Female
524,$79 ,Female
525,$79 ,Female
526,$79 ,Female
527,$79 ,Female
528,$79 ,Female
529,$79 ,Female
530,$79 ,Female
531,$79 ,Female
532,$79 ,Female
533,$79 ,Female
534,$79 ,Female
535,$79 ,Female
536,$79 ,Female
537,$79 ,Female
538,$79 ,Female
539,$79 ,Female
540,$79 ,Female
541,$79 ,Female
542,$79 ,Female
543,$79 ,Female
544,$79 ,Female
545,$79 ,Female
546,$79 ,Female
547,$79 ,Female
548,$79 ,Female
549,$79 ,Female
550,$79 ,Female
551,$79 ,Female
552,$79 ,Female
553,$79 ,Female
554,$79 ,Female
555,$79 ,Female
556,$79 ,Female
557,$79 ,Female
558,$79 ,Female
559,$79 ,Female
560,$79 ,Female
561,$79 ,Female
562,$79 ,Female
563,$79 ,Female
564,$79 ,Female
565,$79 ,Female
566,$79 ,Female
567,$79 ,Female
568,$79 ,Female
569,$79 ,Female
570,$79 ,Female
571,$79 ,Female
572,$79 ,Female
573,$79 ,Female
574,$79 ,Female
575,$79 ,Female
576,$79 ,Female
577,$79 ,Female
578,$79 ,Female
579,$79 ,Female
580,$79 ,Female
581,$79 ,Female
582,$79 ,Female
583,$79 ,Female
584,$79 ,Female
585,$79 ,Female
586,$79 ,Female
587,$79 ,Female
588,$79 ,Female
589,$79 ,Female
590,$79 ,Female
591,$79 ,Female
592,$79 ,Female
593,$79 ,Female
594,$79 ,Female
595,$79 ,Female
596,$79 ,Female
597,$79 ,Female
598,$79 ,Female
599,$79 ,Female
600,$79 ,Female
601,$79 ,Female
602,$79 ,Female
603,$79 ,Female
604,$79 ,Female
605,$79 ,Female
606,$79 ,Female
607,$79 ,Female
608,$79 ,Female
609,$79 ,Female
610,$79 ,Female
611,$79 ,Female
612,$79 ,Female
613,$79 ,Female
614,$79 ,Female
615,$79 ,Female
616,$79 ,Female
617,$79 ,Female
618,$79 ,Female
619,$79 ,Female
620,$79 ,Female
621,$79 ,Female
622,$79 ,Female
623,$79 ,Female
624,$79 ,Female
625,$79 ,Female
626,$79 ,Female
627,$79 ,Female
628,$79 ,Female
629,$79 ,Female
630,$79 ,Female
631,$79 ,Female
632,$79 ,Female
633,$79 ,Female
634,$79 ,Female
635,$79 ,Female
636,$79 ,Female
637,$79 ,Female
638,$79 ,Female
639,$79 ,Female
640,$79 ,Female
641,$79 ,Female
642,$79 ,Female
643,$79 ,Female
644,$79 ,Female
645,$79 ,Female
646,$79 ,Female
647,$79 ,Female
648,$79 ,Female
649,$79 ,Female
650,$79 ,Female
651,$79 ,Female
652,$79 ,Female
653,$79 ,Female
654,$79 ,Female
655,$79 ,Female
656,$79 ,Female
657,$79 ,Female
658,$79 ,Female
659,$79 ,Female
660,$79 ,Female
661,$79 ,Female
662,$79 ,Female
663,$79 ,Female
664,$79 ,Female
665,$79 ,Female
666,$79 ,Female
667,$79 ,Female
668,$79 ,Female
669,$79 ,Female
670,$79 ,Female
671,$79 ,Female
672,$79 ,Female
673,$79 ,Female
674,$79 ,Female
675,$79 ,Female
676,$79 ,Female
677,$79 ,Female
678,$79 ,Female
679,$79 ,Female
680,$79 ,Female
681,$79 ,Female
682,$79 ,Female
683,$79 ,Female
684,$79 ,Female
685,$79 ,Female
686,$79 ,Female
687,$79 ,Female
688,$79 ,Female
689,$79 ,Female
690,$79 ,Female
691,$79 ,Female
692,$79 ,Female
693,$79 ,Female
694,$79 ,Female
695,$79 ,Female
696,$79 ,Female
697,$79 ,Female
698,$79 ,Female
699,$79 ,Female
700,$79 ,Female
701,$79 ,Female
702,$79 ,Female
703,$79 ,Female
704,$79 ,Female
705,$79 ,Female
706,$79 ,Female
707,$79 ,Female
708,$79 ,Female
709,$79 ,Female
710,$79 ,Female
711,$79 ,Female
712,$79 ,Female
713,$79 ,Female
714,$79 ,Female
715,$79 ,Female
716,$79 ,Female
717,$79 ,Female
718,$79 ,Female
719,$79 ,Female
720,$79 ,Female
721,$79 ,Female
722,$79 ,Female
723,$79 ,Female
724,$79 ,Female
725,$79 ,Female
726,$79 ,Female
727,$79 ,Female
728,$79 ,Female
729,$79 ,Female
730,$79 ,Female
731,$79 ,Female
732,$79 ,Female
733,$79 ,Female
734,$79 ,Female
735,$79 ,Female
736,$79 ,Female
737,$79 ,Female
738,$79 ,Female
739,$79 ,Female
740,$79 ,Female
741,$79 ,Female
742,$79 ,Female
743,$79 ,Female
744,$79 ,Female
745,$79 ,Female
746,$79 ,Female
747,$79 ,Female
748,$79 ,Female
749,$79 ,Female
750,$79 ,Female
751,$79 ,Female
752,$79 ,Female
753,$79 ,Female
754,$79 ,Female
755,$79 ,Female
756,$79 ,Female
757,$79 ,Female
758,$79 ,Female
759,$79 ,Female
760,$79 ,Female
761,$79 ,Female
762,$79 ,Female
763,$79 ,Female
764,$79 ,Female
765,$79 ,Female
766,$79 ,Female
767,$79 ,Female
768,$79 ,Female
769,$79 ,Female
770,$79 ,Female
771,$79 ,Female
772,$79 ,Female
773,$79 ,Female
774,$79 ,Female
775,$79 ,Female
776,$79 ,Female
777,$79 ,Female
778,$79 ,Female
779,$79 ,Female
780,$79 ,Female
781,$79 ,Female
782,$79 ,Female
783,$79 ,Female
784,$79 ,Female
785,$79 ,Female
786,$79 ,Female
787,$79 ,Female
788,$79 ,Female
789,$79 ,Female
790,$79 ,Female
791,$79 ,Female
792,$79 ,Female
793,$79 ,Female
794,$79 ,Female
795,$79 ,Female
796,$79 ,Female
797,$79 ,Female
798,$79 ,Female
799,$79 ,Female
800,$79 ,Female
,,
,,
,,
,,
,,
,,
,,
,,
,,
,,
,,
,,
,,
,,
,,
,,
,,
,,
,,
,,
,,
,,
,,
,,
,,
,,
,,
,,
,,
,,
,,
,,
,,
,,
,,
,,
,,
,,
,,
,,
,,
,,
,,
,,
,,
