Store,Warranty
Retail,Standard
Retail,Standard
Retail,Standard
Retail,Standard
Retail,Standard
Retail,Standard
Retail,Standard
Retail,Standard
Retail,Standard
Retail,Standard
Retail,Standard
Retail,Standard
Retail,Standard
Retail,Standard
Retail,Standard
Retail,Standard
Retail,Standard
Retail,Standard
Retail,Standard
Retail,Standard
Retail,Standard
Retail,Standard
Retail,Standard
Retail,Standard
Retail,Standard
Retail,Standard
Retail,Standard
Retail,Standard
Retail,Standard
Retail,Standard
Retail,Standard
Retail,Standard
Retail,Standard
Retail,Standard
Retail,Standard
Retail,Standard
Retail,Standard
Retail,Standard
Retail,Standard
Retail,Standard
Retail,Standard
Retail,Standard
Retail,Standard
Retail,Standard
Retail,Standard
Retail,Standard
Retail,Standard
Retail,Standard
Retail,Standard
Retail,Standard
Retail,Standard
Retail,Standard
Retail,Standard
Retail,Standard
Retail,Standard
Retail,Standard
Retail,Standard
Retail,Standard
Retail,Standard
Retail,Standard
Retail,Standard
Retail,Standard
Retail,Standard
Retail,Standard
Retail,Standard
Retail,Standard
Retail,Standard
Retail,Standard
Retail,Standard
Retail,Standard
Retail,Standard
Retail,Standard
Retail,Standard
Retail,Standard
Retail,Standard
Retail,Standard
Retail,Standard
Retail,Standard
Retail,Standard
Retail,Standard
Retail,Standard
Retail,Standard
Retail,Standard
Retail,Standard
Retail,Standard
Retail,Standard
Retail,Standard
Retail,Standard
Retail,Standard
Retail,Standard
Retail,Standard
Retail,Standard
Retail,Standard
Retail,Standard
Retail,Standard
Retail,Standard
Retail,Standard
Retail,Standard
Retail,Standard
Retail,Standard
Retail,Standard
Retail,Standard
Retail,Standard
Retail,Standard
Retail,Standard
Retail,Standard
Retail,Standard
Retail,Standard
Retail,Standard
Retail,Standard
Retail,Standard
Retail,Standard
Retail,Standard
Retail,Standard
Retail,Standard
Retail,Standard
Retail,Standard
Retail,Standard
Retail,Standard
Retail,Standard
Retail,Standard
Retail,Standard
Retail,Standard
Retail,Standard
Retail,Standard
Retail,Standard
Retail,Standard
Retail,Standard
Retail,Standard
Retail,Standard
Retail,Standard
Retail,Standard
Retail,Standard
Retail,Standard
Retail,Standard
Retail,Standard
Retail,Standard
Retail,Standard
Retail,Standard
Retail,Standard
Discount,Standard
Discount,Standard
Discount,Standard
Discount,Standard
Discount,Standard
Discount,Standard
Discount,Standard
Discount,Standard
Discount,Standard
Discount,Standard
Discount,Standard
Discount,Standard
Discount,Standard
Discount,Standard
Discount,Standard
Discount,Standard
Discount,Standard
Discount,Standard
Discount,Standard
Discount,Standard
Discount,Standard
Discount,Standard
Discount,Standard
Discount,Standard
Discount,Standard
Discount,Standard
Discount,Standard
Discount,Standard
Discount,Standard
Discount,Standard
Discount,Standard
Discount,Standard
Discount,Standard
Discount,Standard
Discount,Standard
Discount,Standard
Discount,Standard
Discount,Standard
Discount,Standard
Discount,Standard
Discount,Standard
Discount,Standard
Discount,Standard
Discount,Standard
Discount,Standard
Discount,Standard
Discount,Standard
Discount,Standard
Discount,Standard
Discount,Standard
Discount,Standard
Discount,Standard
Discount,Standard
Discount,Standard
Discount,Standard
Discount,Standard
Discount,Standard
Discount,Standard
Discount,Standard
Discount,Standard
Discount,Standard
Discount,Standard
Discount,Standard
Discount,Standard
Discount,Standard
Discount,Standard
Discount,Standard
Discount,Standard
Discount,Standard
Discount,Standard
Discount,Standard
Discount,Standard
Discount,Standard
Discount,Standard
Discount,Standard
Discount,Standard
Discount,Standard
Discount,Standard
Discount,Standard
Discount,Standard
Retail,Extended
Retail,Extended
Retail,Extended
Retail,Extended
Retail,Extended
Retail,Extended
Retail,Extended
Retail,Extended
Retail,Extended
Retail,Extended
Retail,Extended
Retail,Extended
Retail,Extended
Retail,Extended
Retail,Extended
Retail,Extended
Retail,Extended
Retail,Extended
Retail,Extended
Retail,Extended
Retail,Extended
Retail,Extended
Retail,Extended
Retail,Extended
Retail,Extended
Retail,Extended
Retail,Extended
Retail,Extended
Retail,Extended
Retail,Extended
Retail,Extended
Retail,Extended
Retail,Extended
Retail,Extended
Retail,Extended
Retail,Extended
Retail,Extended
Retail,Extended
Retail,Extended
Retail,Extended
Retail,Extended
Retail,Extended
Retail,Extended
Retail,Extended
Retail,Extended
Retail,Extended
Retail,Extended
Retail,Extended
Retail,Extended
Retail,Extended
Retail,Extended
Retail,Extended
Retail,Extended
Retail,Extended
Retail,Extended
Retail,Extended
Retail,Extended
Retail,Extended
Retail,Extended
Retail,Extended
Retail,Extended
Retail,Extended
Retail,Extended
Retail,Extended
Retail,Extended
Retail,Extended
Retail,Extended
Retail,Extended
Retail,Extended
Retail,Extended
Retail,Extended
Retail,Extended
Retail,Extended
Retail,Extended
Retail,Extended
Retail,Extended
Retail,Extended
Retail,Extended
Retail,Extended
Retail,Extended
Retail,Extended
Retail,Extended
Retail,Extended
Retail,Extended
Retail,Extended
Retail,Extended
Retail,Extended
Retail,Extended
Retail,Extended
Retail,Extended
Retail,Extended
Retail,Extended
Retail,Extended
Retail,Extended
Retail,Extended
Retail,Extended
Retail,Extended
Retail,Extended
Retail,Extended
Retail,Extended
Retail,Extended
Retail,Extended
Retail,Extended
Retail,Extended
Retail,Extended
Retail,Extended
Retail,Extended
Retail,Extended
Retail,Extended
Retail,Extended
Retail,Extended
Retail,Extended
Retail,Extended
Retail,Extended
Retail,Extended
Retail,Extended
Retail,Extended
Retail,Extended
Retail,Extended
Retail,Extended
Retail,Extended
Retail,Extended
Retail,Extended
Retail,Extended
Retail,Extended
Retail,Extended
Retail,Extended
Retail,Extended
Retail,Extended
Retail,Extended
Retail,Extended
Retail,Extended
Retail,Extended
Retail,Extended
Retail,Extended
Retail,Extended
Retail,Extended
Retail,Extended
Retail,Extended
Retail,Extended
Retail,Extended
Retail,Extended
Retail,Extended
Retail,Extended
Retail,Extended
Retail,Extended
Retail,Extended
Retail,Extended
Retail,Extended
Retail,Extended
Retail,Extended
Retail,Extended
Retail,Extended
Retail,Extended
Retail,Extended
Retail,Extended
Retail,Extended
Retail,Extended
Retail,Extended
Retail,Extended
Retail,Extended
Retail,Extended
Retail,Extended
Retail,Extended
Retail,Extended
Retail,Extended
Retail,Extended
Retail,Extended
Retail,Extended
Retail,Extended
Retail,Extended
Retail,Extended
Retail,Extended
Retail,Extended
Retail,Extended
Retail,Extended
Retail,Extended
Retail,Extended
Retail,Extended
Retail,Extended
Retail,Extended
Retail,Extended
Retail,Extended
Retail,Extended
Retail,Extended
Retail,Extended
Retail,Extended
Retail,Extended
Retail,Extended
Retail,Extended
Retail,Extended
Retail,Extended
Retail,Extended
Retail,Extended
Retail,Extended
Retail,Extended
Retail,Extended
Retail,Extended
Retail,Extended
Retail,Extended
Retail,Extended
Retail,Extended
Retail,Extended
Retail,Extended
Retail,Extended
Retail,Extended
Retail,Extended
Retail,Extended
Retail,Extended
Retail,Extended
Discount,Extended
Discount,Extended
Discount,Extended
Discount,Extended
Discount,Extended
Discount,Extended
Discount,Extended
Discount,Extended
Discount,Extended
Discount,Extended
Discount,Extended
Discount,Extended
Discount,Extended
Discount,Extended
Discount,Extended
Discount,Extended
Discount,Extended
Discount,Extended
Discount,Extended
Discount,Extended
Discount,Extended
Discount,Extended
Discount,Extended
Discount,Extended
Discount,Extended
Discount,Extended
Discount,Extended
Discount,Extended
Discount,Extended
Discount,Extended
Discount,Extended
Discount,Extended
Discount,Extended
Discount,Extended
Discount,Extended
Discount,Extended
Discount,Extended
Discount,Extended
Discount,Extended
Discount,Extended
Discount,Extended
Discount,Extended
Discount,Extended
Discount,Extended
Discount,Extended
Discount,Extended
Discount,Extended
Discount,Extended
Discount,Extended
Discount,Extended
Discount,Extended
Discount,Extended
Discount,Extended
Discount,Extended
Discount,Extended
Discount,Extended
Discount,Extended
Discount,Extended
Discount,Extended
Discount,Extended
Discount,Extended
Discount,Extended
Discount,Extended
Discount,Extended
Discount,Extended
Discount,Extended
Discount,Extended
Discount,Extended
Discount,Extended
Discount,Extended
Discount,Extended
Discount,Extended
Discount,Extended
Discount,Extended
Discount,Extended
Discount,Extended
Discount,Extended
Discount,Extended
Discount,Extended
Discount,Extended
Discount,Extended
Discount,Extended
Discount,Extended
Discount,Extended
Discount,Extended
Discount,Extended
Discount,Extended
Discount,Extended
Discount,Extended
Discount,Extended
Discount,Extended
Discount,Extended
Discount,Extended
Discount,Extended
Discount,Extended
Discount,Extended
Discount,Extended
Discount,Extended
Discount,Extended
Discount,Extended
Discount,Extended
Discount,Extended
Discount,Extended
Discount,Extended
Discount,Extended
Discount,Extended
Discount,Extended
Discount,Extended
Discount,Extended
Discount,Extended
Discount,Extended
Discount,Extended
Discount,Extended
Discount,Extended
Discount,Extended
Discount,Extended
Discount,Extended
Discount,Extended
Discount,Extended
Discount,Extended
Discount,Extended
Discount,Extended
Discount,Extended
Discount,Extended
Discount,Extended
Discount,Extended
Discount,Extended
Discount,Extended
Discount,Extended
Discount,Extended
Discount,Extended
Discount,Extended
Discount,Extended
Discount,Extended
Discount,Extended
Discount,Extended
Discount,Extended
Discount,Extended
Discount,Extended
Discount,Extended
Discount,Extended
Discount,Extended
Discount,Extended
Discount,Extended
Discount,Extended
Discount,Extended
Discount,Extended
Discount,Extended
Discount,Extended
Discount,Extended
Discount,Extended
Discount,Extended
Discount,Extended
Discount,Extended
Discount,Extended
Discount,Extended
Discount,Extended
Discount,Extended
Discount,Extended
Discount,Extended
Discount,Extended
Discount,Extended
Discount,Extended
Discount,Extended
Discount,Extended
Discount,Extended
Discount,Extended
Discount,Extended
Discount,Extended
Discount,Extended
Discount,Extended
Discount,Extended
Discount,Extended
Discount,Extended
Discount,Extended
Discount,Extended
Discount,Extended
Discount,Extended
Discount,Extended
Discount,Extended
Discount,Extended
Discount,Extended
Discount,Extended
Discount,Extended
Discount,Extended
Discount,Extended
Discount,Extended
Discount,Extended
Discount,Extended
Discount,Extended
Discount,Extended
Discount,Extended
Discount,Extended
Discount,Extended
Discount,Extended
Discount,Extended
Discount,Extended
Discount,Extended
Discount,Extended
Discount,Extended
Discount,Extended
Discount,Extended
Discount,Extended
Discount,Extended
Discount,Extended
Discount,Extended
Discount,Extended
Discount,Extended
Discount,Extended
Discount,Extended
Discount,Extended
Discount,Extended
Discount,Extended
Discount,Extended
Discount,Extended
Discount,Extended
Discount,Extended
Discount,Extended
Discount,Extended
Discount,Extended
Discount,Extended
Discount,Extended
Discount,Extended
Discount,Extended
Discount,Extended
Discount,Extended
Discount,Extended
Discount,Extended
Discount,Extended
Discount,Extended
Discount,Extended
Discount,Extended
Discount,Extended
Discount,Extended
Discount,Extended
Discount,Extended
Discount,Extended
Discount,Extended
Discount,Extended
Discount,Extended
Discount,Extended
Discount,Extended
Discount,Extended
Discount,Extended
Discount,Extended
Discount,Extended
Discount,Extended
Discount,Extended
Discount,Extended
Discount,Extended
Discount,Extended
Discount,Extended
Discount,Extended
Discount,Extended
Discount,Extended
Discount,Extended
Discount,Extended
Discount,Extended
Discount,Extended
Discount,Extended
Discount,Extended
Discount,Extended
Discount,Extended
Discount,Extended
Discount,Extended
Discount,Extended
Discount,Extended
Discount,Extended
Discount,Extended
Discount,Extended
Discount,Extended
Discount,Extended
Discount,Extended
Discount,Extended
Discount,Extended
Discount,Extended
Discount,Extended
Discount,Extended
Discount,Extended
Discount,Extended
Discount,Extended
Discount,Extended
Discount,Extended
Discount,Extended
Discount,Extended
Discount,Extended
Discount,Extended
Discount,Extended
Discount,Extended
Discount,Extended
Discount,Extended
Discount,Extended
Discount,Extended
Discount,Extended
Discount,Extended
Discount,Extended
Discount,Extended
Discount,Extended
Discount,Extended
Discount,Extended
Discount,Extended
Discount,Extended
Discount,Extended
Discount,Extended
Discount,Extended
Discount,Extended
Discount,Extended
Discount,Extended
Discount,Extended
Discount,Extended
Discount,Extended
Discount,Extended
Discount,Extended
Discount,Extended
Discount,Extended
Discount,Extended
Discount,Extended
Discount,Extended
Discount,Extended
Discount,Extended
Discount,Extended
Discount,Extended
Discount,Extended
Discount,Extended
Discount,Extended
Discount,Extended
Discount,Extended
Discount,Extended
Discount,Extended
Discount,Extended
Discount,Extended
Discount,Extended
Discount,Extended
Discount,Extended
Discount,Extended
Discount,Extended
Discount,Extended
Discount,Extended
Discount,Extended
Discount,Extended
Discount,Extended
Discount,Extended
Discount,Extended
Discount,Extended
Discount,Extended
Discount,Extended
Discount,Extended
Discount,Extended
Discount,Extended
Discount,Extended
Discount,Extended
Discount,Extended
Discount,Extended
Discount,Extended
Discount,Extended
Discount,Extended
Discount,Extended
Discount,Extended
Discount,Extended
Discount,Extended
Discount,Extended
Discount,Extended
Discount,Extended
Discount,Extended
Discount,Extended
Discount,Extended
Discount,Extended
Discount,Extended
Discount,Extended
Discount,Extended
Discount,Extended
Discount,Extended
Discount,Extended
Discount,Extended
Discount,Extended
Discount,Extended
Discount,Extended
Discount,Extended
Discount,Extended
Discount,Extended
Discount,Extended
Discount,Extended
Discount,Extended
Discount,Extended
Discount,Extended
Discount,Extended
Discount,Extended
Discount,Extended
Discount,Extended
Discount,Extended
Discount,Extended
Discount,Extended
Discount,Extended
Discount,Extended
Discount,Extended
Discount,Extended
Discount,Extended
Discount,Extended
Discount,Extended
Discount,Extended
Discount,Extended
Discount,Extended
Discount,Extended
Discount,Extended
Discount,Extended
Discount,Extended
Discount,Extended
Discount,Extended
Discount,Extended
Discount,Extended
Discount,Extended
Discount,Extended
Discount,Extended
Discount,Extended
Discount,Extended
Discount,Extended
Discount,Extended
Discount,Extended
Discount,Extended
Discount,Extended
Discount,Extended
Discount,Extended
Discount,Extended
Discount,Extended
Discount,Extended
Discount,Extended
Discount,Extended
Discount,Extended
Discount,Extended
Discount,Extended
Discount,Extended
Discount,Extended
Discount,Extended
Discount,Extended
Discount,Extended
Discount,Extended
Discount,Extended
Discount,Extended
Discount,Extended
Discount,Extended
Discount,Extended
Discount,Extended
Discount,Extended
Discount,Extended
Discount,Extended
Discount,Extended
Discount,Extended
Discount,Extended
Discount,Extended
Discount,Extended
Discount,Extended
Discount,Extended
Discount,Extended
Discount,Extended
Discount,Extended
Discount,Extended
Discount,Extended
Discount,Extended
Discount,Extended
Discount,Extended
Discount,Extended
Discount,Extended
Discount,Extended
Discount,Extended
Discount,Extended
Discount,Extended
Discount,Extended
Discount,Extended
Discount,Extended
Discount,Extended
Discount,Extended
Discount,Extended
Discount,Extended
Discount,Extended
Discount,Extended
Discount,Extended
Discount,Extended
Discount,Extended
Discount,Extended
Discount,Extended
Discount,Extended
Discount,Extended
Discount,Extended
Discount,Extended
Discount,Extended
Discount,Extended
Discount,Extended
Discount,Extended
Discount,Extended
Discount,Extended
Discount,Extended
Discount,Extended
Discount,Extended
Discount,Extended
Discount,Extended
Discount,Extended
Discount,Extended
Discount,Extended
Discount,Extended
Discount,Extended
Discount,Extended
Discount,Extended
Discount,Extended
Discount,Extended
Discount,Extended
Discount,Extended
Discount,Extended
Discount,Extended
Discount,Extended
Discount,Extended
Discount,Extended
Discount,Extended
Discount,Extended
Discount,Extended
Discount,Extended
Discount,Extended
Discount,Extended
Discount,Extended
Discount,Extended
Discount,Extended
Discount,Extended
Discount,Extended
Discount,Extended
Discount,Extended
Discount,Extended
Discount,Extended
Discount,Extended
Discount,Extended
Discount,Extended
Discount,Extended
Discount,Extended
Discount,Extended
Discount,Extended
Discount,Extended
Discount,Extended
Discount,Extended
Discount,Extended
Discount,Extended
Discount,Extended
Discount,Extended
Discount,Extended
Discount,Extended
Discount,Extended
Discount,Extended
Discount,Extended
Discount,Extended
Discount,Extended
Discount,Extended
Discount,Extended
Discount,Extended
Discount,Extended
Discount,Extended
Discount,Extended
Discount,Extended
Discount,Extended
Discount,Extended
Discount,Extended
Discount,Extended
Discount,Extended
Discount,Extended
Discount,Extended
Discount,Extended
Discount,Extended
Discount,Extended
Discount,Extended
Discount,Extended
Discount,Extended
Discount,Extended
Discount,Extended
Discount,Extended
